Character List
==================================================

onum barr
Aliases: onum barr, barr
--------------------------------------------------
fran
Aliases: fran
--------------------------------------------------
inchney
Aliases: inchney
--------------------------------------------------
jord commason
Aliases: jord commason, commason
--------------------------------------------------
untel
Aliases: untel
--------------------------------------------------
newton
Aliases: newton
--------------------------------------------------
ducem 
barr
Aliases: ducem, ducem 
barr, ducem barr
--------------------------------------------------
hober mallow
Aliases: hober mallow, mallow
--------------------------------------------------
indbur
Aliases: indbur
--------------------------------------------------
amell brodrig
Aliases: brodrig, amell brodrig
--------------------------------------------------
magnifiee giganticus
Aliases: magnifiee, magnifiee giganticus
--------------------------------------------------
colonel pritcher
Aliases: pritcher, han pritcher, colonel pritcher
--------------------------------------------------
pelotonnes
Aliases: pelotonnes
--------------------------------------------------
orum palley
Aliases: orum palley
--------------------------------------------------
patricien
Aliases: patricien
--------------------------------------------------
torie
Aliases: torie
--------------------------------------------------
hari 
seldon
Aliases: hari 
seldon, seldon, hari seldon
--------------------------------------------------
ricker
Aliases: ricker
--------------------------------------------------
bigre
Aliases: bigre
--------------------------------------------------
radolienne
Aliases: radolienne
--------------------------------------------------
renard
Aliases: renard
--------------------------------------------------
han
Aliases: han
--------------------------------------------------
gente 
dame
Aliases: gente 
dame
--------------------------------------------------
neotrantor
Aliases: neotrantor
--------------------------------------------------
general bel 
riose
Aliases: riose, general riose, general bel 
riose
--------------------------------------------------
anacreon
Aliases: anacreon
--------------------------------------------------
loris
Aliases: loris
--------------------------------------------------
assourdissez
Aliases: assourdissez
--------------------------------------------------
boucla
Aliases: boucla
--------------------------------------------------
lee senter
Aliases: senter, lee senter
--------------------------------------------------
folatre
Aliases: folatre
--------------------------------------------------
forell
Aliases: forell
--------------------------------------------------
sergent luk
Aliases: sergent luk, luk
--------------------------------------------------
interessant
Aliases: interessant
--------------------------------------------------
salvor 
hardin
Aliases: hardin, salvor hardin, hadin, salvor 
hardin
--------------------------------------------------
toran
Aliases: toran
--------------------------------------------------
yume
Aliases: yume
--------------------------------------------------
ovall gri
Aliases: ovall gri
--------------------------------------------------
daluden iv
Aliases: daluden iv
--------------------------------------------------
dagobert x
Aliases: dagobert x
--------------------------------------------------
horleggor
Aliases: horleggor
--------------------------------------------------
lepold ier
Aliases: lepold ier, lepold
--------------------------------------------------
pirenne toussota
Aliases: pirenne toussota, pirenne
--------------------------------------------------
ankor jael
Aliases: jael, ankor jael
--------------------------------------------------
wienis
Aliases: wienis
--------------------------------------------------
santanni
Aliases: santanni
--------------------------------------------------
gaal 
dornick
Aliases: gaal 
dornick, gaal dornick, gaal
--------------------------------------------------
lundin crast
Aliases: lundin crast
--------------------------------------------------
lucrece
Aliases: lucrece
--------------------------------------------------
confot
Aliases: confot
--------------------------------------------------
grommela mallow
Aliases: grommela mallow
--------------------------------------------------
linge chen
Aliases: linge chen, chen
--------------------------------------------------
danacreon
Aliases: anaceon, danacreon, anacreon
--------------------------------------------------
lem
Aliases: lem
--------------------------------------------------
siius
Aliases: siius
--------------------------------------------------
tomas sutt
Aliases: tomas sutt
--------------------------------------------------
pherl
Aliases: pherl
--------------------------------------------------
eskel gorov
Aliases: eskel gorov, gorov
--------------------------------------------------
stannell
Aliases: stannell
--------------------------------------------------
lewis pirenne
Aliases: lewis pirenne
--------------------------------------------------
evolutionnaie
Aliases: evolutionnaie
--------------------------------------------------
guee
Aliases: guee
--------------------------------------------------
jaim twer
Aliases: jaim twer, twer
--------------------------------------------------
salvor
Aliases: salvor
--------------------------------------------------
yohan lee
Aliases: lee, yohan lee
--------------------------------------------------
ponyets riposta
Aliases: ponyets riposta
--------------------------------------------------
avakim
Aliases: avakim
--------------------------------------------------
licia
Aliases: licia
--------------------------------------------------
jord parma
Aliases: jord, jord parma
--------------------------------------------------
primo
Aliases: primo
--------------------------------------------------
limmar ponyets
Aliases: limmar ponyets
--------------------------------------------------
theo aporat
Aliases: theo aporat
--------------------------------------------------
alurin
Aliases: alurin
--------------------------------------------------
sef sermak
Aliases: sef sermak, sermak
--------------------------------------------------
anselme
Aliases: anselme
--------------------------------------------------
bras
Aliases: bras
--------------------------------------------------
publis manlio
Aliases: publis manlio, manlio
--------------------------------------------------
wiscard
Aliases: wiscard
--------------------------------------------------
entuns
Aliases: entuns
--------------------------------------------------
moffririez
Aliases: moffririez
--------------------------------------------------
jorane 
sutt
Aliases: jorane 
sutt, jorane sutt
--------------------------------------------------
jerril
Aliases: jerril
--------------------------------------------------
muller 
holk
Aliases: muller 
holk
--------------------------------------------------
jan smite
Aliases: jan smite
--------------------------------------------------
encyclopedistes
Aliases: encyclopedistes
--------------------------------------------------
pluema
Aliases: pluema
--------------------------------------------------
dorwin
Aliases: dorwin
--------------------------------------------------
askoniens
Aliases: askoniens
--------------------------------------------------
penaud
Aliases: penaud
--------------------------------------------------
walto
Aliases: walto
--------------------------------------------------
bort
Aliases: bort
--------------------------------------------------
abhorrez
Aliases: abhorrez
--------------------------------------------------
rossem
Aliases: rossem
--------------------------------------------------
darell 
 
darell
Aliases: darell 
 
darell, grommela darell, darell, arkady darell
--------------------------------------------------
vok tazenda
Aliases: tazenda, vok tazenda
--------------------------------------------------
survecut
Aliases: survecut
--------------------------------------------------
han 
pritcher
Aliases: han 
pritcher, pritcher, han pritcher
--------------------------------------------------
elvett semic
Aliases: elvett semic
--------------------------------------------------
preem palver
Aliases: palver, preem palver
--------------------------------------------------
bail channis
Aliases: channis, bail channis
--------------------------------------------------
dame 
callia
Aliases: dame callia, dame 
callia, callia
--------------------------------------------------
fariboles
Aliases: fariboles
--------------------------------------------------
hari seldon
Aliases: hari seldon, seldon
--------------------------------------------------
romanciere
Aliases: romanciere
--------------------------------------------------
pelleas 
anthor
Aliases: pelleas 
anthor, pelleas anthor, anthor, pelleas
--------------------------------------------------
thallos
Aliases: thallos
--------------------------------------------------
general pritcher
Aliases: general pritcher
--------------------------------------------------
huxlani
Aliases: huxlani
--------------------------------------------------
carlin beat
Aliases: carlin beat
--------------------------------------------------
ben
Aliases: ben
--------------------------------------------------
barbe
Aliases: barbe
--------------------------------------------------
kleise
Aliases: kleise
--------------------------------------------------
lev meirus
Aliases: lev meirus, meirus
--------------------------------------------------
smushyk
Aliases: smushyk
--------------------------------------------------
mallow
Aliases: mallow
--------------------------------------------------
rigel
Aliases: rigel
--------------------------------------------------
homir 
munn
Aliases: munn, homir 
munn, homir munn
--------------------------------------------------
amiral
Aliases: amiral
--------------------------------------------------
loffet
Aliases: loffet
--------------------------------------------------
feternuement
Aliases: feternuement
--------------------------------------------------
premier 
citoyen
Aliases: premier 
citoyen
--------------------------------------------------
charnus
Aliases: charnus
--------------------------------------------------
salvor hardin
Aliases: salvor hardin
--------------------------------------------------
extirper
Aliases: extirper
--------------------------------------------------
ronflaitil
Aliases: ronflaitil
--------------------------------------------------
turbor
Aliases: turbor
--------------------------------------------------
homir
Aliases: homir
--------------------------------------------------
